Date,Country ,Technology,SiteName,Volume
01/01/2024,GB,Wind ,Hornsea-1,260.166079
02/01/2024,GB,Wind ,Hornsea-1,709.48082
03/01/2024,GB,Wind ,Hornsea-1,431.5276805
04/01/2024,GB,Wind ,Hornsea-1,223.8684725
05/01/2024,GB,Wind ,Hornsea-1,686.9850089
06/01/2024,GB,Wind ,Hornsea-1,482.9389507
07/01/2024,GB,Wind ,Hornsea-1,391.9681302
08/01/2024,GB,Wind ,Hornsea-1,478.3591693
09/01/2024,GB,Wind ,Hornsea-1,730.1891955
10/01/2024,GB,Wind ,Hornsea-1,108.9094077
11/01/2024,GB,Wind ,Hornsea-1,788.0407364
12/01/2024,GB,Wind ,Hornsea-1,900.6480505
13/01/2024,GB,Wind ,Hornsea-1,450.2771879
14/01/2024,GB,Wind ,Hornsea-1,345.2368978
15/01/2024,GB,Wind ,Hornsea-1,897.1257019
16/01/2024,GB,Wind ,Hornsea-1,675.5370319
17/01/2024,GB,Wind ,Hornsea-1,790.0488941
18/01/2024,GB,Wind ,Hornsea-1,626.4812484
19/01/2024,GB,Wind ,Hornsea-1,44.93792871
20/01/2024,GB,Wind ,Hornsea-1,798.2779073
21/01/2024,GB,Wind ,Hornsea-1,192.2338835
22/01/2024,GB,Wind ,Hornsea-1,144.8361681
23/01/2024,GB,Wind ,Hornsea-1,100.2454953
24/01/2024,GB,Wind ,Hornsea-1,730.7456099
25/01/2024,GB,Wind ,Hornsea-1,612.8433146
26/01/2024,GB,Wind ,Hornsea-1,659.2915398
27/01/2024,GB,Wind ,Hornsea-1,451.8726763
28/01/2024,GB,Wind ,Hornsea-1,868.490846
29/01/2024,GB,Wind ,Hornsea-1,113.7878374
30/01/2024,GB,Wind ,Hornsea-1,361.0639685
31/01/2024,GB,Wind ,Hornsea-1,519.6749892
01/02/2024,GB,Wind ,Hornsea-1,530.6005281
02/02/2024,GB,Wind ,Hornsea-1,282.0222728
03/02/2024,GB,Wind ,Hornsea-1,708.5709006
04/02/2024,GB,Wind ,Hornsea-1,44.27761517
05/02/2024,GB,Wind ,Hornsea-1,943.4803517
06/02/2024,GB,Wind ,Hornsea-1,634.5420897
07/02/2024,GB,Wind ,Hornsea-1,387.3183309
08/02/2024,GB,Wind ,Hornsea-1,938.8456469
09/02/2024,GB,Wind ,Hornsea-1,419.8764371
10/02/2024,GB,Wind ,Hornsea-1,966.3768979
11/02/2024,GB,Wind ,Hornsea-1,523.0203005
12/02/2024,GB,Wind ,Hornsea-1,757.1752262
13/02/2024,GB,Wind ,Hornsea-1,551.2475887
14/02/2024,GB,Wind ,Hornsea-1,268.2841815
15/02/2024,GB,Wind ,Hornsea-1,948.876216
16/02/2024,GB,Wind ,Hornsea-1,889.9652285
17/02/2024,GB,Wind ,Hornsea-1,68.21641066
18/02/2024,GB,Wind ,Hornsea-1,231.9581556
19/02/2024,GB,Wind ,Hornsea-1,980.7636211
20/02/2024,GB,Wind ,Hornsea-1,761.7665815
21/02/2024,GB,Wind ,Hornsea-1,373.3883423
22/02/2024,GB,Wind ,Hornsea-1,804.0470061
23/02/2024,GB,Wind ,Hornsea-1,136.9095426
24/02/2024,GB,Wind ,Hornsea-1,188.4137744
25/02/2024,GB,Wind ,Hornsea-1,735.6443738
26/02/2024,GB,Wind ,Hornsea-1,215.4751421
27/02/2024,GB,Wind ,Hornsea-1,9.97371393
28/02/2024,GB,Wind ,Hornsea-1,474.9284231
29/02/2024,GB,Wind ,Hornsea-1,745.1353299
01/03/2024,GB,Wind ,Hornsea-1,259.7834765
02/03/2024,GB,Wind ,Hornsea-1,472.3936575
03/03/2024,GB,Wind ,Hornsea-1,494.3037271
04/03/2024,GB,Wind ,Hornsea-1,76.44770227
05/03/2024,GB,Wind ,Hornsea-1,478.3433875
06/03/2024,GB,Wind ,Hornsea-1,88.09394207
07/03/2024,GB,Wind ,Hornsea-1,764.2628121
08/03/2024,GB,Wind ,Hornsea-1,122.3621974
09/03/2024,GB,Wind ,Hornsea-1,518.35246
10/03/2024,GB,Wind ,Hornsea-1,50.59921987
11/03/2024,GB,Wind ,Hornsea-1,827.5956726
12/03/2024,GB,Wind ,Hornsea-1,639.7484508
13/03/2024,GB,Wind ,Hornsea-1,507.1690444
14/03/2024,GB,Wind ,Hornsea-1,682.6846904
15/03/2024,GB,Wind ,Hornsea-1,376.1284821
16/03/2024,GB,Wind ,Hornsea-1,864.4614151
17/03/2024,GB,Wind ,Hornsea-1,634.4660851
18/03/2024,GB,Wind ,Hornsea-1,625.897933
19/03/2024,GB,Wind ,Hornsea-1,100.0520922
20/03/2024,GB,Wind ,Hornsea-1,93.55338538
21/03/2024,GB,Wind ,Hornsea-1,255.1127126
22/03/2024,GB,Wind ,Hornsea-1,144.3009966
23/03/2024,GB,Wind ,Hornsea-1,775.3105328
24/03/2024,GB,Wind ,Hornsea-1,183.3000021
25/03/2024,GB,Wind ,Hornsea-1,446.1736827
26/03/2024,GB,Wind ,Hornsea-1,716.9252822
27/03/2024,GB,Wind ,Hornsea-1,705.4532736
28/03/2024,GB,Wind ,Hornsea-1,726.7842218
29/03/2024,GB,Wind ,Hornsea-1,256.5624994
30/03/2024,GB,Wind ,Hornsea-1,491.4170519
31/03/2024,GB,Wind ,Hornsea-1,34.24033331
01/04/2024,GB,Wind ,Hornsea-1,709.5798441
02/04/2024,GB,Wind ,Hornsea-1,743.3741473
03/04/2024,GB,Wind ,Hornsea-1,707.4204982
04/04/2024,GB,Wind ,Hornsea-1,410.9542817
05/04/2024,GB,Wind ,Hornsea-1,67.20217912
06/04/2024,GB,Wind ,Hornsea-1,440.0374263
07/04/2024,GB,Wind ,Hornsea-1,490.2587824
08/04/2024,GB,Wind ,Hornsea-1,609.6281702
09/04/2024,GB,Wind ,Hornsea-1,995.1330706
10/04/2024,GB,Wind ,Hornsea-1,567.1181277
11/04/2024,GB,Wind ,Hornsea-1,703.3752213
12/04/2024,GB,Wind ,Hornsea-1,512.2964287
13/04/2024,GB,Wind ,Hornsea-1,214.4378813
14/04/2024,GB,Wind ,Hornsea-1,744.8401506
15/04/2024,GB,Wind ,Hornsea-1,678.7404655
16/04/2024,GB,Wind ,Hornsea-1,236.7856327
17/04/2024,GB,Wind ,Hornsea-1,287.6589414
18/04/2024,GB,Wind ,Hornsea-1,779.1967736
19/04/2024,GB,Wind ,Hornsea-1,193.504586
20/04/2024,GB,Wind ,Hornsea-1,341.9781696
21/04/2024,GB,Wind ,Hornsea-1,936.0418848
22/04/2024,GB,Wind ,Hornsea-1,743.4752851
23/04/2024,GB,Wind ,Hornsea-1,464.4704805
24/04/2024,GB,Wind ,Hornsea-1,456.0405009
25/04/2024,GB,Wind ,Hornsea-1,912.2259452
26/04/2024,GB,Wind ,Hornsea-1,826.7963024
27/04/2024,GB,Wind ,Hornsea-1,285.1037559
28/04/2024,GB,Wind ,Hornsea-1,571.7680724
29/04/2024,GB,Wind ,Hornsea-1,534.5096918
30/04/2024,GB,Wind ,Hornsea-1,681.184412
01/05/2024,GB,Wind ,Hornsea-1,101.9762534
02/05/2024,GB,Wind ,Hornsea-1,451.5761811
03/05/2024,GB,Wind ,Hornsea-1,887.1696158
04/05/2024,GB,Wind ,Hornsea-1,667.4369129
05/05/2024,GB,Wind ,Hornsea-1,215.0602215
06/05/2024,GB,Wind ,Hornsea-1,907.9553389
07/05/2024,GB,Wind ,Hornsea-1,122.0076776
08/05/2024,GB,Wind ,Hornsea-1,351.0785544
09/05/2024,GB,Wind ,Hornsea-1,18.15025244
10/05/2024,GB,Wind ,Hornsea-1,95.68674183
11/05/2024,GB,Wind ,Hornsea-1,566.3299249
12/05/2024,GB,Wind ,Hornsea-1,201.9324855
13/05/2024,GB,Wind ,Hornsea-1,849.8524931
14/05/2024,GB,Wind ,Hornsea-1,575.9348456
15/05/2024,GB,Wind ,Hornsea-1,573.7797378
16/05/2024,GB,Wind ,Hornsea-1,757.7660701
17/05/2024,GB,Wind ,Hornsea-1,90.32708041
18/05/2024,GB,Wind ,Hornsea-1,782.5365544
19/05/2024,GB,Wind ,Hornsea-1,724.5787318
20/05/2024,GB,Wind ,Hornsea-1,236.999855
21/05/2024,GB,Wind ,Hornsea-1,726.4625354
22/05/2024,GB,Wind ,Hornsea-1,586.7944058
23/05/2024,GB,Wind ,Hornsea-1,14.31980602
24/05/2024,GB,Wind ,Hornsea-1,116.3333179
25/05/2024,GB,Wind ,Hornsea-1,601.1395721
26/05/2024,GB,Wind ,Hornsea-1,419.3895191
27/05/2024,GB,Wind ,Hornsea-1,159.1142052
28/05/2024,GB,Wind ,Hornsea-1,31.03815596
29/05/2024,GB,Wind ,Hornsea-1,533.2710985
30/05/2024,GB,Wind ,Hornsea-1,913.8055159
31/05/2024,GB,Wind ,Hornsea-1,101.3484039
01/06/2024,GB,Wind ,Hornsea-1,233.7206177
02/06/2024,GB,Wind ,Hornsea-1,48.94217702
03/06/2024,GB,Wind ,Hornsea-1,226.7865789
04/06/2024,GB,Wind ,Hornsea-1,406.0526593
05/06/2024,GB,Wind ,Hornsea-1,460.183978
06/06/2024,GB,Wind ,Hornsea-1,152.1253541
07/06/2024,GB,Wind ,Hornsea-1,740.4453802
08/06/2024,GB,Wind ,Hornsea-1,82.0180079
09/06/2024,GB,Wind ,Hornsea-1,192.7050389
10/06/2024,GB,Wind ,Hornsea-1,433.828455
11/06/2024,GB,Wind ,Hornsea-1,681.0232057
12/06/2024,GB,Wind ,Hornsea-1,688.4347961
13/06/2024,GB,Wind ,Hornsea-1,585.9840153
14/06/2024,GB,Wind ,Hornsea-1,565.1346775
15/06/2024,GB,Wind ,Hornsea-1,175.5214835
16/06/2024,GB,Wind ,Hornsea-1,176.3817354
17/06/2024,GB,Wind ,Hornsea-1,539.1468865
18/06/2024,GB,Wind ,Hornsea-1,349.2494702
19/06/2024,GB,Wind ,Hornsea-1,135.246233
20/06/2024,GB,Wind ,Hornsea-1,466.6833371
21/06/2024,GB,Wind ,Hornsea-1,199.1039816
22/06/2024,GB,Wind ,Hornsea-1,450.0768494
23/06/2024,GB,Wind ,Hornsea-1,852.9955136
24/06/2024,GB,Wind ,Hornsea-1,16.04235529
25/06/2024,GB,Wind ,Hornsea-1,122.756107
26/06/2024,GB,Wind ,Hornsea-1,536.7479176
27/06/2024,GB,Wind ,Hornsea-1,505.5315281
28/06/2024,GB,Wind ,Hornsea-1,588.3912693
29/06/2024,GB,Wind ,Hornsea-1,535.4964281
30/06/2024,GB,Wind ,Hornsea-1,394.9792377
01/07/2024,GB,Wind ,Hornsea-1,630.2384393
02/07/2024,GB,Wind ,Hornsea-1,276.305406
03/07/2024,GB,Wind ,Hornsea-1,556.1357926
04/07/2024,GB,Wind ,Hornsea-1,604.3041596
05/07/2024,GB,Wind ,Hornsea-1,896.8524948
06/07/2024,GB,Wind ,Hornsea-1,331.3850934
07/07/2024,GB,Wind ,Hornsea-1,214.4562681
08/07/2024,GB,Wind ,Hornsea-1,369.5114442
09/07/2024,GB,Wind ,Hornsea-1,935.1765318
10/07/2024,GB,Wind ,Hornsea-1,186.0453531
11/07/2024,GB,Wind ,Hornsea-1,346.7582946
12/07/2024,GB,Wind ,Hornsea-1,165.8619781
13/07/2024,GB,Wind ,Hornsea-1,694.7762067
14/07/2024,GB,Wind ,Hornsea-1,840.9369537
15/07/2024,GB,Wind ,Hornsea-1,790.3331107
16/07/2024,GB,Wind ,Hornsea-1,184.3188901
17/07/2024,GB,Wind ,Hornsea-1,167.0591141
18/07/2024,GB,Wind ,Hornsea-1,140.5876711
19/07/2024,GB,Wind ,Hornsea-1,918.1716381
20/07/2024,GB,Wind ,Hornsea-1,396.3219824
21/07/2024,GB,Wind ,Hornsea-1,8.136290403
22/07/2024,GB,Wind ,Hornsea-1,324.9441787
23/07/2024,GB,Wind ,Hornsea-1,740.9094146
24/07/2024,GB,Wind ,Hornsea-1,944.2582608
25/07/2024,GB,Wind ,Hornsea-1,375.3326467
26/07/2024,GB,Wind ,Hornsea-1,159.4890443
27/07/2024,GB,Wind ,Hornsea-1,426.1760633
28/07/2024,GB,Wind ,Hornsea-1,499.5717589
29/07/2024,GB,Wind ,Hornsea-1,891.8117517
30/07/2024,GB,Wind ,Hornsea-1,566.6081781
31/07/2024,GB,Wind ,Hornsea-1,39.55926829
01/08/2024,GB,Wind ,Hornsea-1,408.0701775
02/08/2024,GB,Wind ,Hornsea-1,447.2693847
03/08/2024,GB,Wind ,Hornsea-1,308.5970709
04/08/2024,GB,Wind ,Hornsea-1,6.695016408
05/08/2024,GB,Wind ,Hornsea-1,98.70364852
06/08/2024,GB,Wind ,Hornsea-1,812.3193273
07/08/2024,GB,Wind ,Hornsea-1,465.8576493
08/08/2024,GB,Wind ,Hornsea-1,834.0426233
09/08/2024,GB,Wind ,Hornsea-1,607.3529329
10/08/2024,GB,Wind ,Hornsea-1,760.740948
11/08/2024,GB,Wind ,Hornsea-1,571.6716454
12/08/2024,GB,Wind ,Hornsea-1,975.6047492
13/08/2024,GB,Wind ,Hornsea-1,780.3308207
14/08/2024,GB,Wind ,Hornsea-1,904.8650057
15/08/2024,GB,Wind ,Hornsea-1,191.7023322
16/08/2024,GB,Wind ,Hornsea-1,750.1351958
17/08/2024,GB,Wind ,Hornsea-1,944.0927824
18/08/2024,GB,Wind ,Hornsea-1,672.8073799
19/08/2024,GB,Wind ,Hornsea-1,905.4136256
20/08/2024,GB,Wind ,Hornsea-1,309.0213084
21/08/2024,GB,Wind ,Hornsea-1,988.3552435
22/08/2024,GB,Wind ,Hornsea-1,823.624275
23/08/2024,GB,Wind ,Hornsea-1,593.398805
24/08/2024,GB,Wind ,Hornsea-1,422.5587761
25/08/2024,GB,Wind ,Hornsea-1,834.5156466
26/08/2024,GB,Wind ,Hornsea-1,947.1695262
27/08/2024,GB,Wind ,Hornsea-1,393.7373699
28/08/2024,GB,Wind ,Hornsea-1,404.7068599
29/08/2024,GB,Wind ,Hornsea-1,845.2793997
30/08/2024,GB,Wind ,Hornsea-1,630.3424034
31/08/2024,GB,Wind ,Hornsea-1,821.0979288
01/09/2024,GB,Wind ,Hornsea-1,273.1590326
02/09/2024,GB,Wind ,Hornsea-1,24.26015911
03/09/2024,GB,Wind ,Hornsea-1,415.0891836
04/09/2024,GB,Wind ,Hornsea-1,373.7941222
05/09/2024,GB,Wind ,Hornsea-1,421.6215747
06/09/2024,GB,Wind ,Hornsea-1,157.5949128
07/09/2024,GB,Wind ,Hornsea-1,569.5605237
08/09/2024,GB,Wind ,Hornsea-1,628.88382
09/09/2024,GB,Wind ,Hornsea-1,751.8748474
10/09/2024,GB,Wind ,Hornsea-1,656.9052174
11/09/2024,GB,Wind ,Hornsea-1,150.4863418
12/09/2024,GB,Wind ,Hornsea-1,134.3271165
13/09/2024,GB,Wind ,Hornsea-1,464.3943407
14/09/2024,GB,Wind ,Hornsea-1,573.6858457
15/09/2024,GB,Wind ,Hornsea-1,384.190096
16/09/2024,GB,Wind ,Hornsea-1,887.4994959
17/09/2024,GB,Wind ,Hornsea-1,895.9785413
18/09/2024,GB,Wind ,Hornsea-1,277.0717588
19/09/2024,GB,Wind ,Hornsea-1,945.4472249
20/09/2024,GB,Wind ,Hornsea-1,585.638556
21/09/2024,GB,Wind ,Hornsea-1,187.8339102
22/09/2024,GB,Wind ,Hornsea-1,89.81981817
23/09/2024,GB,Wind ,Hornsea-1,836.1033045
24/09/2024,GB,Wind ,Hornsea-1,287.9754969
25/09/2024,GB,Wind ,Hornsea-1,523.9512866
26/09/2024,GB,Wind ,Hornsea-1,643.3650567
27/09/2024,GB,Wind ,Hornsea-1,316.6639486
28/09/2024,GB,Wind ,Hornsea-1,192.4688202
29/09/2024,GB,Wind ,Hornsea-1,752.0516621
30/09/2024,GB,Wind ,Hornsea-1,841.8616647
01/10/2024,GB,Wind ,Hornsea-1,181.3019896
02/10/2024,GB,Wind ,Hornsea-1,725.3958868
03/10/2024,GB,Wind ,Hornsea-1,343.8374038
04/10/2024,GB,Wind ,Hornsea-1,728.5991772
05/10/2024,GB,Wind ,Hornsea-1,275.9140645
06/10/2024,GB,Wind ,Hornsea-1,750.8187548
07/10/2024,GB,Wind ,Hornsea-1,120.57687
08/10/2024,GB,Wind ,Hornsea-1,807.3302988
09/10/2024,GB,Wind ,Hornsea-1,990.9856469
10/10/2024,GB,Wind ,Hornsea-1,818.9368261
11/10/2024,GB,Wind ,Hornsea-1,859.8599374
12/10/2024,GB,Wind ,Hornsea-1,266.4759876
13/10/2024,GB,Wind ,Hornsea-1,802.7708607
14/10/2024,GB,Wind ,Hornsea-1,626.0551539
15/10/2024,GB,Wind ,Hornsea-1,711.2599058
16/10/2024,GB,Wind ,Hornsea-1,753.089187
17/10/2024,GB,Wind ,Hornsea-1,432.3110044
18/10/2024,GB,Wind ,Hornsea-1,264.4233891
19/10/2024,GB,Wind ,Hornsea-1,495.6624332
20/10/2024,GB,Wind ,Hornsea-1,308.0809524
21/10/2024,GB,Wind ,Hornsea-1,95.17869089
22/10/2024,GB,Wind ,Hornsea-1,651.2465617
23/10/2024,GB,Wind ,Hornsea-1,693.0899327
24/10/2024,GB,Wind ,Hornsea-1,774.3519413
25/10/2024,GB,Wind ,Hornsea-1,564.2432187
26/10/2024,GB,Wind ,Hornsea-1,424.8483491
27/10/2024,GB,Wind ,Hornsea-1,215.5163171
28/10/2024,GB,Wind ,Hornsea-1,821.9968895
29/10/2024,GB,Wind ,Hornsea-1,75.91716798
30/10/2024,GB,Wind ,Hornsea-1,169.987243
31/10/2024,GB,Wind ,Hornsea-1,515.9646191
01/11/2024,GB,Wind ,Hornsea-1,910.147904
02/11/2024,GB,Wind ,Hornsea-1,879.7361942
03/11/2024,GB,Wind ,Hornsea-1,590.1002412
04/11/2024,GB,Wind ,Hornsea-1,646.5786194
05/11/2024,GB,Wind ,Hornsea-1,168.7763114
06/11/2024,GB,Wind ,Hornsea-1,759.522864
07/11/2024,GB,Wind ,Hornsea-1,215.9344942
08/11/2024,GB,Wind ,Hornsea-1,342.7450923
09/11/2024,GB,Wind ,Hornsea-1,149.454041
10/11/2024,GB,Wind ,Hornsea-1,660.7239791
11/11/2024,GB,Wind ,Hornsea-1,23.54748283
12/11/2024,GB,Wind ,Hornsea-1,577.9046945
13/11/2024,GB,Wind ,Hornsea-1,396.7048622
14/11/2024,GB,Wind ,Hornsea-1,679.0801381
15/11/2024,GB,Wind ,Hornsea-1,10.15330495
16/11/2024,GB,Wind ,Hornsea-1,835.7333018
17/11/2024,GB,Wind ,Hornsea-1,857.3764329
18/11/2024,GB,Wind ,Hornsea-1,58.43232125
19/11/2024,GB,Wind ,Hornsea-1,471.0159554
20/11/2024,GB,Wind ,Hornsea-1,702.4520922
21/11/2024,GB,Wind ,Hornsea-1,613.3515684
22/11/2024,GB,Wind ,Hornsea-1,134.2579253
23/11/2024,GB,Wind ,Hornsea-1,845.6161963
24/11/2024,GB,Wind ,Hornsea-1,958.6173727
25/11/2024,GB,Wind ,Hornsea-1,715.8186461
26/11/2024,GB,Wind ,Hornsea-1,356.9848293
27/11/2024,GB,Wind ,Hornsea-1,940.1572202
28/11/2024,GB,Wind ,Hornsea-1,655.4345608
29/11/2024,GB,Wind ,Hornsea-1,216.3085855
30/11/2024,GB,Wind ,Hornsea-1,128.6429412
01/12/2024,GB,Wind ,Hornsea-1,200.2554154
02/12/2024,GB,Wind ,Hornsea-1,542.5803709
03/12/2024,GB,Wind ,Hornsea-1,502.6441211
04/12/2024,GB,Wind ,Hornsea-1,94.11942819
05/12/2024,GB,Wind ,Hornsea-1,349.3477693
06/12/2024,GB,Wind ,Hornsea-1,17.54180798
07/12/2024,GB,Wind ,Hornsea-1,242.6867345
08/12/2024,GB,Wind ,Hornsea-1,844.4929699
09/12/2024,GB,Wind ,Hornsea-1,13.76716977
10/12/2024,GB,Wind ,Hornsea-1,601.9155411
11/12/2024,GB,Wind ,Hornsea-1,57.21050477
12/12/2024,GB,Wind ,Hornsea-1,344.8401026
13/12/2024,GB,Wind ,Hornsea-1,779.8005967
14/12/2024,GB,Wind ,Hornsea-1,174.8492491
15/12/2024,GB,Wind ,Hornsea-1,888.1353394
16/12/2024,GB,Wind ,Hornsea-1,4.362489102
17/12/2024,GB,Wind ,Hornsea-1,400.3595456
18/12/2024,GB,Wind ,Hornsea-1,267.742551
19/12/2024,GB,Wind ,Hornsea-1,47.90748781
20/12/2024,GB,Wind ,Hornsea-1,948.6317473
21/12/2024,GB,Wind ,Hornsea-1,498.6929281
22/12/2024,GB,Wind ,Hornsea-1,508.3359479
23/12/2024,GB,Wind ,Hornsea-1,99.11583
24/12/2024,GB,Wind ,Hornsea-1,50.58298114
25/12/2024,GB,Wind ,Hornsea-1,446.9830754
26/12/2024,GB,Wind ,Hornsea-1,767.1448287
27/12/2024,GB,Wind ,Hornsea-1,167.3134401
28/12/2024,GB,Wind ,Hornsea-1,796.6859672
29/12/2024,GB,Wind ,Hornsea-1,546.1108186
30/12/2024,GB,Wind ,Hornsea-1,727.8012142
31/12/2024,GB,Wind ,Hornsea-1,302.1690338
01/01/2025,GB,Wind ,Hornsea-1,158.7035617
02/01/2025,GB,Wind ,Hornsea-1,450.0280415
03/01/2025,GB,Wind ,Hornsea-1,401.1065042
04/01/2025,GB,Wind ,Hornsea-1,835.8988778
05/01/2025,GB,Wind ,Hornsea-1,592.9701317
06/01/2025,GB,Wind ,Hornsea-1,658.4689657
07/01/2025,GB,Wind ,Hornsea-1,310.5063394
08/01/2025,GB,Wind ,Hornsea-1,850.0423588
09/01/2025,GB,Wind ,Hornsea-1,721.313705
10/01/2025,GB,Wind ,Hornsea-1,703.4330106
11/01/2025,GB,Wind ,Hornsea-1,503.2789266
12/01/2025,GB,Wind ,Hornsea-1,585.5173323
13/01/2025,GB,Wind ,Hornsea-1,443.2204042
14/01/2025,GB,Wind ,Hornsea-1,401.4518749
15/01/2025,GB,Wind ,Hornsea-1,209.3636535
16/01/2025,GB,Wind ,Hornsea-1,864.0566056
17/01/2025,GB,Wind ,Hornsea-1,8.661232353
18/01/2025,GB,Wind ,Hornsea-1,764.9519002
19/01/2025,GB,Wind ,Hornsea-1,540.2710408
20/01/2025,GB,Wind ,Hornsea-1,944.1242803
21/01/2025,GB,Wind ,Hornsea-1,441.5940271
22/01/2025,GB,Wind ,Hornsea-1,765.8591096
23/01/2025,GB,Wind ,Hornsea-1,320.9373099
24/01/2025,GB,Wind ,Hornsea-1,134.692085
25/01/2025,GB,Wind ,Hornsea-1,749.2227132
26/01/2025,GB,Wind ,Hornsea-1,563.0889323
27/01/2025,GB,Wind ,Hornsea-1,716.9749177
28/01/2025,GB,Wind ,Hornsea-1,371.9619138
29/01/2025,GB,Wind ,Hornsea-1,213.8473004
30/01/2025,GB,Wind ,Hornsea-1,700.1156688
31/01/2025,GB,Wind ,Hornsea-1,253.1308041
01/02/2025,GB,Wind ,Hornsea-1,535.8874287
02/02/2025,GB,Wind ,Hornsea-1,355.5576436
03/02/2025,GB,Wind ,Hornsea-1,728.0757602
04/02/2025,GB,Wind ,Hornsea-1,406.3830395
05/02/2025,GB,Wind ,Hornsea-1,947.2724751
06/02/2025,GB,Wind ,Hornsea-1,289.6618711
07/02/2025,GB,Wind ,Hornsea-1,221.0476732
08/02/2025,GB,Wind ,Hornsea-1,204.2951
09/02/2025,GB,Wind ,Hornsea-1,61.19720392
10/02/2025,GB,Wind ,Hornsea-1,909.5466509
11/02/2025,GB,Wind ,Hornsea-1,426.0437946
12/02/2025,GB,Wind ,Hornsea-1,775.3237024
13/02/2025,GB,Wind ,Hornsea-1,760.5244697
14/02/2025,GB,Wind ,Hornsea-1,127.0210601
15/02/2025,GB,Wind ,Hornsea-1,931.6784437
16/02/2025,GB,Wind ,Hornsea-1,664.6640289
17/02/2025,GB,Wind ,Hornsea-1,949.5987334
18/02/2025,GB,Wind ,Hornsea-1,189.5264558
19/02/2025,GB,Wind ,Hornsea-1,975.0222661
20/02/2025,GB,Wind ,Hornsea-1,632.9686122
21/02/2025,GB,Wind ,Hornsea-1,810.2710951
22/02/2025,GB,Wind ,Hornsea-1,747.4486028
23/02/2025,GB,Wind ,Hornsea-1,362.7846699
24/02/2025,GB,Wind ,Hornsea-1,326.3394814
25/02/2025,GB,Wind ,Hornsea-1,93.8608524
26/02/2025,GB,Wind ,Hornsea-1,188.2832195
27/02/2025,GB,Wind ,Hornsea-1,692.5478914
28/02/2025,GB,Wind ,Hornsea-1,247.1409668
01/03/2025,GB,Wind ,Hornsea-1,687.0882595
02/03/2025,GB,Wind ,Hornsea-1,450.9573558
03/03/2025,GB,Wind ,Hornsea-1,145.2362004
04/03/2025,GB,Wind ,Hornsea-1,554.4635655
05/03/2025,GB,Wind ,Hornsea-1,747.6978603
06/03/2025,GB,Wind ,Hornsea-1,328.0702
07/03/2025,GB,Wind ,Hornsea-1,167.4199017
08/03/2025,GB,Wind ,Hornsea-1,698.2547517
09/03/2025,GB,Wind ,Hornsea-1,445.2617969
10/03/2025,GB,Wind ,Hornsea-1,819.6163675
11/03/2025,GB,Wind ,Hornsea-1,301.8312826
12/03/2025,GB,Wind ,Hornsea-1,327.5683712
13/03/2025,GB,Wind ,Hornsea-1,560.4321501
14/03/2025,GB,Wind ,Hornsea-1,415.4001124
15/03/2025,GB,Wind ,Hornsea-1,973.0845245
16/03/2025,GB,Wind ,Hornsea-1,294.7442216
17/03/2025,GB,Wind ,Hornsea-1,539.8607695
18/03/2025,GB,Wind ,Hornsea-1,114.2866098
19/03/2025,GB,Wind ,Hornsea-1,975.3537656
20/03/2025,GB,Wind ,Hornsea-1,193.6444747
21/03/2025,GB,Wind ,Hornsea-1,898.1917851
22/03/2025,GB,Wind ,Hornsea-1,440.5623786
23/03/2025,GB,Wind ,Hornsea-1,38.2461569
24/03/2025,GB,Wind ,Hornsea-1,682.5199527
25/03/2025,GB,Wind ,Hornsea-1,631.3674515
26/03/2025,GB,Wind ,Hornsea-1,869.3748003
27/03/2025,GB,Wind ,Hornsea-1,530.6728673
28/03/2025,GB,Wind ,Hornsea-1,446.8926622
29/03/2025,GB,Wind ,Hornsea-1,785.4974742
30/03/2025,GB,Wind ,Hornsea-1,202.9541941
31/03/2025,GB,Wind ,Hornsea-1,927.9922448
01/04/2025,GB,Wind ,Hornsea-1,999.6974955
02/04/2025,GB,Wind ,Hornsea-1,491.6372436
03/04/2025,GB,Wind ,Hornsea-1,690.2401927
04/04/2025,GB,Wind ,Hornsea-1,368.3462865
05/04/2025,GB,Wind ,Hornsea-1,844.2810735
06/04/2025,GB,Wind ,Hornsea-1,146.3377723
07/04/2025,GB,Wind ,Hornsea-1,150.2457996
08/04/2025,GB,Wind ,Hornsea-1,429.8082196
09/04/2025,GB,Wind ,Hornsea-1,664.1529795
10/04/2025,GB,Wind ,Hornsea-1,209.5268529
11/04/2025,GB,Wind ,Hornsea-1,524.5408573
12/04/2025,GB,Wind ,Hornsea-1,157.6280239
13/04/2025,GB,Wind ,Hornsea-1,274.7663463
14/04/2025,GB,Wind ,Hornsea-1,366.9363411
15/04/2025,GB,Wind ,Hornsea-1,406.3415112
16/04/2025,GB,Wind ,Hornsea-1,684.5079361
17/04/2025,GB,Wind ,Hornsea-1,648.0985325
18/04/2025,GB,Wind ,Hornsea-1,18.72017093
19/04/2025,GB,Wind ,Hornsea-1,105.6756235
20/04/2025,GB,Wind ,Hornsea-1,459.3198351
21/04/2025,GB,Wind ,Hornsea-1,228.151737
22/04/2025,GB,Wind ,Hornsea-1,330.3493251
23/04/2025,GB,Wind ,Hornsea-1,299.3661281
24/04/2025,GB,Wind ,Hornsea-1,969.2954036
25/04/2025,GB,Wind ,Hornsea-1,849.8791874
01/01/2024,GB,Wind ,Hornsea-2,85.60342828
02/01/2024,GB,Wind ,Hornsea-2,379.7822219
03/01/2024,GB,Wind ,Hornsea-2,260.832893
04/01/2024,GB,Wind ,Hornsea-2,550.3079269
05/01/2024,GB,Wind ,Hornsea-2,523.8998475
06/01/2024,GB,Wind ,Hornsea-2,521.654297
07/01/2024,GB,Wind ,Hornsea-2,476.9700995
08/01/2024,GB,Wind ,Hornsea-2,853.0502171
09/01/2024,GB,Wind ,Hornsea-2,353.8227219
10/01/2024,GB,Wind ,Hornsea-2,381.8532617
11/01/2024,GB,Wind ,Hornsea-2,258.9121837
12/01/2024,GB,Wind ,Hornsea-2,631.6111419
13/01/2024,GB,Wind ,Hornsea-2,892.3861654
14/01/2024,GB,Wind ,Hornsea-2,408.9103229
15/01/2024,GB,Wind ,Hornsea-2,566.7478953
16/01/2024,GB,Wind ,Hornsea-2,531.1907346
17/01/2024,GB,Wind ,Hornsea-2,275.2458937
18/01/2024,GB,Wind ,Hornsea-2,442.5881167
19/01/2024,GB,Wind ,Hornsea-2,820.5583359
20/01/2024,GB,Wind ,Hornsea-2,786.4904191
21/01/2024,GB,Wind ,Hornsea-2,491.3049929
22/01/2024,GB,Wind ,Hornsea-2,270.6201072
23/01/2024,GB,Wind ,Hornsea-2,94.18345384
24/01/2024,GB,Wind ,Hornsea-2,458.764209
25/01/2024,GB,Wind ,Hornsea-2,116.3026079
26/01/2024,GB,Wind ,Hornsea-2,558.1351107
27/01/2024,GB,Wind ,Hornsea-2,593.8729152
28/01/2024,GB,Wind ,Hornsea-2,125.8344082
29/01/2024,GB,Wind ,Hornsea-2,425.575702
30/01/2024,GB,Wind ,Hornsea-2,375.6740994
31/01/2024,GB,Wind ,Hornsea-2,350.8577315
01/02/2024,GB,Wind ,Hornsea-2,133.2142362
02/02/2024,GB,Wind ,Hornsea-2,244.8115306
03/02/2024,GB,Wind ,Hornsea-2,359.7634625
04/02/2024,GB,Wind ,Hornsea-2,807.4361658
05/02/2024,GB,Wind ,Hornsea-2,732.6255927
06/02/2024,GB,Wind ,Hornsea-2,196.3304748
07/02/2024,GB,Wind ,Hornsea-2,380.6287002
08/02/2024,GB,Wind ,Hornsea-2,542.1289554
09/02/2024,GB,Wind ,Hornsea-2,48.12538453
10/02/2024,GB,Wind ,Hornsea-2,35.73395383
11/02/2024,GB,Wind ,Hornsea-2,276.4523981
12/02/2024,GB,Wind ,Hornsea-2,369.849217
13/02/2024,GB,Wind ,Hornsea-2,994.6185122
14/02/2024,GB,Wind ,Hornsea-2,248.9246671
15/02/2024,GB,Wind ,Hornsea-2,974.6391411
16/02/2024,GB,Wind ,Hornsea-2,900.6069641
17/02/2024,GB,Wind ,Hornsea-2,652.6453236
18/02/2024,GB,Wind ,Hornsea-2,262.7488098
19/02/2024,GB,Wind ,Hornsea-2,149.8941437
20/02/2024,GB,Wind ,Hornsea-2,137.9992491
21/02/2024,GB,Wind ,Hornsea-2,208.2022645
22/02/2024,GB,Wind ,Hornsea-2,645.751122
23/02/2024,GB,Wind ,Hornsea-2,87.50941771
24/02/2024,GB,Wind ,Hornsea-2,886.3052849
25/02/2024,GB,Wind ,Hornsea-2,478.318429
26/02/2024,GB,Wind ,Hornsea-2,181.6322342
27/02/2024,GB,Wind ,Hornsea-2,161.6344085
28/02/2024,GB,Wind ,Hornsea-2,951.0601868
29/02/2024,GB,Wind ,Hornsea-2,649.5780425
01/03/2024,GB,Wind ,Hornsea-2,606.6420194
02/03/2024,GB,Wind ,Hornsea-2,766.9444882
03/03/2024,GB,Wind ,Hornsea-2,341.3396696
04/03/2024,GB,Wind ,Hornsea-2,274.030622
05/03/2024,GB,Wind ,Hornsea-2,920.437886
06/03/2024,GB,Wind ,Hornsea-2,204.5166774
07/03/2024,GB,Wind ,Hornsea-2,894.2499142
08/03/2024,GB,Wind ,Hornsea-2,926.3474371
09/03/2024,GB,Wind ,Hornsea-2,432.5773228
10/03/2024,GB,Wind ,Hornsea-2,546.5110514
11/03/2024,GB,Wind ,Hornsea-2,912.76545
12/03/2024,GB,Wind ,Hornsea-2,231.674439
13/03/2024,GB,Wind ,Hornsea-2,921.8869594
14/03/2024,GB,Wind ,Hornsea-2,167.4628031
15/03/2024,GB,Wind ,Hornsea-2,274.869196
16/03/2024,GB,Wind ,Hornsea-2,890.2894352
17/03/2024,GB,Wind ,Hornsea-2,755.8652581
18/03/2024,GB,Wind ,Hornsea-2,144.580389
19/03/2024,GB,Wind ,Hornsea-2,979.909946
20/03/2024,GB,Wind ,Hornsea-2,225.7016086
21/03/2024,GB,Wind ,Hornsea-2,122.6812629
22/03/2024,GB,Wind ,Hornsea-2,850.6772828
23/03/2024,GB,Wind ,Hornsea-2,592.8664332
24/03/2024,GB,Wind ,Hornsea-2,909.900945
25/03/2024,GB,Wind ,Hornsea-2,482.0656265
26/03/2024,GB,Wind ,Hornsea-2,834.5213194
27/03/2024,GB,Wind ,Hornsea-2,967.6060488
28/03/2024,GB,Wind ,Hornsea-2,774.5970011
29/03/2024,GB,Wind ,Hornsea-2,567.2113852
30/03/2024,GB,Wind ,Hornsea-2,388.3642448
31/03/2024,GB,Wind ,Hornsea-2,461.743856
01/04/2024,GB,Wind ,Hornsea-2,598.6012806
02/04/2024,GB,Wind ,Hornsea-2,701.7451267
03/04/2024,GB,Wind ,Hornsea-2,493.2184362
04/04/2024,GB,Wind ,Hornsea-2,147.8590588
05/04/2024,GB,Wind ,Hornsea-2,329.6442161
06/04/2024,GB,Wind ,Hornsea-2,49.98052245
07/04/2024,GB,Wind ,Hornsea-2,335.0139466
08/04/2024,GB,Wind ,Hornsea-2,645.7316741
09/04/2024,GB,Wind ,Hornsea-2,258.8895412
10/04/2024,GB,Wind ,Hornsea-2,297.9716881
11/04/2024,GB,Wind ,Hornsea-2,999.1650955
12/04/2024,GB,Wind ,Hornsea-2,711.620614
13/04/2024,GB,Wind ,Hornsea-2,738.3597843
14/04/2024,GB,Wind ,Hornsea-2,771.9505813
15/04/2024,GB,Wind ,Hornsea-2,620.084798
16/04/2024,GB,Wind ,Hornsea-2,987.11213
17/04/2024,GB,Wind ,Hornsea-2,849.0392854
18/04/2024,GB,Wind ,Hornsea-2,736.7394312
19/04/2024,GB,Wind ,Hornsea-2,287.9323451
20/04/2024,GB,Wind ,Hornsea-2,242.7501354
21/04/2024,GB,Wind ,Hornsea-2,292.4618067
22/04/2024,GB,Wind ,Hornsea-2,53.52629384
23/04/2024,GB,Wind ,Hornsea-2,469.4414981
24/04/2024,GB,Wind ,Hornsea-2,451.2872213
25/04/2024,GB,Wind ,Hornsea-2,37.51407891
26/04/2024,GB,Wind ,Hornsea-2,837.1897517
27/04/2024,GB,Wind ,Hornsea-2,365.6814866
28/04/2024,GB,Wind ,Hornsea-2,681.4992358
29/04/2024,GB,Wind ,Hornsea-2,164.228258
30/04/2024,GB,Wind ,Hornsea-2,990.088288
01/05/2024,GB,Wind ,Hornsea-2,680.2969693
02/05/2024,GB,Wind ,Hornsea-2,700.4729157
03/05/2024,GB,Wind ,Hornsea-2,189.1034479
04/05/2024,GB,Wind ,Hornsea-2,543.3545316
05/05/2024,GB,Wind ,Hornsea-2,462.2583833
06/05/2024,GB,Wind ,Hornsea-2,757.0202267
07/05/2024,GB,Wind ,Hornsea-2,384.3004844
08/05/2024,GB,Wind ,Hornsea-2,894.6555533
09/05/2024,GB,Wind ,Hornsea-2,45.99446335
10/05/2024,GB,Wind ,Hornsea-2,181.9893241
11/05/2024,GB,Wind ,Hornsea-2,904.8543553
12/05/2024,GB,Wind ,Hornsea-2,689.1128701
13/05/2024,GB,Wind ,Hornsea-2,656.8842283
14/05/2024,GB,Wind ,Hornsea-2,945.8891947
15/05/2024,GB,Wind ,Hornsea-2,16.69431407
16/05/2024,GB,Wind ,Hornsea-2,728.6695782
17/05/2024,GB,Wind ,Hornsea-2,688.0236176
18/05/2024,GB,Wind ,Hornsea-2,962.658133
19/05/2024,GB,Wind ,Hornsea-2,390.9116193
20/05/2024,GB,Wind ,Hornsea-2,718.8886863
21/05/2024,GB,Wind ,Hornsea-2,246.4056443
22/05/2024,GB,Wind ,Hornsea-2,107.146401
23/05/2024,GB,Wind ,Hornsea-2,770.8043754
24/05/2024,GB,Wind ,Hornsea-2,826.7441032
25/05/2024,GB,Wind ,Hornsea-2,739.5461168
26/05/2024,GB,Wind ,Hornsea-2,334.0058792
27/05/2024,GB,Wind ,Hornsea-2,800.5244883
28/05/2024,GB,Wind ,Hornsea-2,327.2593704
29/05/2024,GB,Wind ,Hornsea-2,86.57323996
30/05/2024,GB,Wind ,Hornsea-2,440.3797772
31/05/2024,GB,Wind ,Hornsea-2,416.1225844
01/06/2024,GB,Wind ,Hornsea-2,169.1019983
02/06/2024,GB,Wind ,Hornsea-2,334.4659506
03/06/2024,GB,Wind ,Hornsea-2,385.4983509
04/06/2024,GB,Wind ,Hornsea-2,536.5476162
05/06/2024,GB,Wind ,Hornsea-2,183.8620171
06/06/2024,GB,Wind ,Hornsea-2,1.797160951
07/06/2024,GB,Wind ,Hornsea-2,377.9307003
08/06/2024,GB,Wind ,Hornsea-2,979.9527828
09/06/2024,GB,Wind ,Hornsea-2,821.8002969
10/06/2024,GB,Wind ,Hornsea-2,299.3921276
11/06/2024,GB,Wind ,Hornsea-2,717.9438155
12/06/2024,GB,Wind ,Hornsea-2,328.3221761
13/06/2024,GB,Wind ,Hornsea-2,391.1573488
14/06/2024,GB,Wind ,Hornsea-2,314.6615015
15/06/2024,GB,Wind ,Hornsea-2,745.146166
16/06/2024,GB,Wind ,Hornsea-2,116.8778446
17/06/2024,GB,Wind ,Hornsea-2,655.3277779
18/06/2024,GB,Wind ,Hornsea-2,220.6415219
19/06/2024,GB,Wind ,Hornsea-2,188.5314737
20/06/2024,GB,Wind ,Hornsea-2,80.2151068
21/06/2024,GB,Wind ,Hornsea-2,705.6658403
22/06/2024,GB,Wind ,Hornsea-2,742.248998
23/06/2024,GB,Wind ,Hornsea-2,361.2008827
24/06/2024,GB,Wind ,Hornsea-2,5.303836287
25/06/2024,GB,Wind ,Hornsea-2,383.2075694
26/06/2024,GB,Wind ,Hornsea-2,486.0073852
27/06/2024,GB,Wind ,Hornsea-2,425.8198587
28/06/2024,GB,Wind ,Hornsea-2,183.5323684
29/06/2024,GB,Wind ,Hornsea-2,222.9287404
30/06/2024,GB,Wind ,Hornsea-2,270.4734906
01/07/2024,GB,Wind ,Hornsea-2,547.9842019
02/07/2024,GB,Wind ,Hornsea-2,642.7169888
03/07/2024,GB,Wind ,Hornsea-2,532.9807957
04/07/2024,GB,Wind ,Hornsea-2,720.074516
05/07/2024,GB,Wind ,Hornsea-2,454.4214499
06/07/2024,GB,Wind ,Hornsea-2,600.8628827
07/07/2024,GB,Wind ,Hornsea-2,704.0345435
08/07/2024,GB,Wind ,Hornsea-2,212.9077798
09/07/2024,GB,Wind ,Hornsea-2,850.8872038
15/07/2024,GB,Wind ,Hornsea-2,339.4176879
16/07/2024,GB,Wind ,Hornsea-2,492.877742
17/07/2024,GB,Wind ,Hornsea-2,726.5809243
18/07/2024,GB,Wind ,Hornsea-2,845.9784027
19/07/2024,GB,Wind ,Hornsea-2,136.1978151
20/07/2024,GB,Wind ,Hornsea-2,496.6840174
21/07/2024,GB,Wind ,Hornsea-2,711.2689976
22/07/2024,GB,Wind ,Hornsea-2,13.20636192
23/07/2024,GB,Wind ,Hornsea-2,272.2635566
24/07/2024,GB,Wind ,Hornsea-2,731.4147244
25/07/2024,GB,Wind ,Hornsea-2,847.6727953
26/07/2024,GB,Wind ,Hornsea-2,332.5116863
27/07/2024,GB,Wind ,Hornsea-2,811.2241444
28/07/2024,GB,Wind ,Hornsea-2,292.9427508
29/07/2024,GB,Wind ,Hornsea-2,193.7070341
30/07/2024,GB,Wind ,Hornsea-2,429.743399
31/07/2024,GB,Wind ,Hornsea-2,324.6029912
01/08/2024,GB,Wind ,Hornsea-2,553.8693478
02/08/2024,GB,Wind ,Hornsea-2,487.1352177
03/08/2024,GB,Wind ,Hornsea-2,859.6981872
04/08/2024,GB,Wind ,Hornsea-2,612.3641803
05/08/2024,GB,Wind ,Hornsea-2,61.69844841
06/08/2024,GB,Wind ,Hornsea-2,937.1042495
07/08/2024,GB,Wind ,Hornsea-2,439.9320857
08/08/2024,GB,Wind ,Hornsea-2,392.4302783
09/08/2024,GB,Wind ,Hornsea-2,146.1199307
10/08/2024,GB,Wind ,Hornsea-2,375.3760373
11/08/2024,GB,Wind ,Hornsea-2,824.7332167
12/08/2024,GB,Wind ,Hornsea-2,715.8058069
13/08/2024,GB,Wind ,Hornsea-2,598.1661751
14/08/2024,GB,Wind ,Hornsea-2,375.7331209
15/08/2024,GB,Wind ,Hornsea-2,756.4649121
16/08/2024,GB,Wind ,Hornsea-2,445.7674256
17/08/2024,GB,Wind ,Hornsea-2,441.4981213
18/08/2024,GB,Wind ,Hornsea-2,232.1425592
19/08/2024,GB,Wind ,Hornsea-2,69.66203661
20/08/2024,GB,Wind ,Hornsea-2,415.7601619
21/08/2024,GB,Wind ,Hornsea-2,196.3805616
22/08/2024,GB,Wind ,Hornsea-2,37.23169057
23/08/2024,GB,Wind ,Hornsea-2,60.29661614
24/08/2024,GB,Wind ,Hornsea-2,877.6419629
25/08/2024,GB,Wind ,Hornsea-2,999.0003732
26/08/2024,GB,Wind ,Hornsea-2,231.8290146
27/08/2024,GB,Wind ,Hornsea-2,689.5420923
28/08/2024,GB,Wind ,Hornsea-2,64.7159684
29/08/2024,GB,Wind ,Hornsea-2,736.8141333
30/08/2024,GB,Wind ,Hornsea-2,373.8306891
31/08/2024,GB,Wind ,Hornsea-2,713.3972642
01/09/2024,GB,Wind ,Hornsea-2,141.6416313
02/09/2024,GB,Wind ,Hornsea-2,80.13847914
03/09/2024,GB,Wind ,Hornsea-2,828.9349096
04/09/2024,GB,Wind ,Hornsea-2,277.6114939
05/09/2024,GB,Wind ,Hornsea-2,955.7043041
06/09/2024,GB,Wind ,Hornsea-2,209.3926264
07/09/2024,GB,Wind ,Hornsea-2,614.468268
08/09/2024,GB,Wind ,Hornsea-2,440.4100608
09/09/2024,GB,Wind ,Hornsea-2,169.3705054
10/09/2024,GB,Wind ,Hornsea-2,793.8832184
11/09/2024,GB,Wind ,Hornsea-2,992.2252571
12/09/2024,GB,Wind ,Hornsea-2,572.0250451
13/09/2024,GB,Wind ,Hornsea-2,486.5323581
14/09/2024,GB,Wind ,Hornsea-2,611.3075954
15/09/2024,GB,Wind ,Hornsea-2,544.5544873
16/09/2024,GB,Wind ,Hornsea-2,319.7320821
17/09/2024,GB,Wind ,Hornsea-2,436.3950701
18/09/2024,GB,Wind ,Hornsea-2,715.6351678
19/09/2024,GB,Wind ,Hornsea-2,217.6176014
20/09/2024,GB,Wind ,Hornsea-2,243.2711637
21/09/2024,GB,Wind ,Hornsea-2,113.9065422
22/09/2024,GB,Wind ,Hornsea-2,253.8065456
23/09/2024,GB,Wind ,Hornsea-2,201.8680145
24/09/2024,GB,Wind ,Hornsea-2,644.1369169
25/09/2024,GB,Wind ,Hornsea-2,413.452603
26/09/2024,GB,Wind ,Hornsea-2,864.96576
27/09/2024,GB,Wind ,Hornsea-2,802.5383076
28/09/2024,GB,Wind ,Hornsea-2,262.339973
29/09/2024,GB,Wind ,Hornsea-2,299.9143114
30/09/2024,GB,Wind ,Hornsea-2,494.7299757
01/10/2024,GB,Wind ,Hornsea-2,898.2127608
02/10/2024,GB,Wind ,Hornsea-2,115.195275
03/10/2024,GB,Wind ,Hornsea-2,580.7282597
04/10/2024,GB,Wind ,Hornsea-2,303.1710631
05/10/2024,GB,Wind ,Hornsea-2,799.1169349
06/10/2024,GB,Wind ,Hornsea-2,106.4071744
07/10/2024,GB,Wind ,Hornsea-2,95.7833078
08/10/2024,GB,Wind ,Hornsea-2,475.6129961
09/10/2024,GB,Wind ,Hornsea-2,52.13720844
10/10/2024,GB,Wind ,Hornsea-2,385.4338878
11/10/2024,GB,Wind ,Hornsea-2,79.85695723
12/10/2024,GB,Wind ,Hornsea-2,929.595893
13/10/2024,GB,Wind ,Hornsea-2,709.6845698
14/10/2024,GB,Wind ,Hornsea-2,753.1129337
15/10/2024,GB,Wind ,Hornsea-2,534.5541619
16/10/2024,GB,Wind ,Hornsea-2,988.3501463
17/10/2024,GB,Wind ,Hornsea-2,629.0868184
18/10/2024,GB,Wind ,Hornsea-2,691.8259258
19/10/2024,GB,Wind ,Hornsea-2,43.36749217
20/10/2024,GB,Wind ,Hornsea-2,96.02383828
21/10/2024,GB,Wind ,Hornsea-2,817.563523
22/10/2024,GB,Wind ,Hornsea-2,834.5098016
23/10/2024,GB,Wind ,Hornsea-2,340.8086542
24/10/2024,GB,Wind ,Hornsea-2,429.2767115
25/10/2024,GB,Wind ,Hornsea-2,657.2112334
26/10/2024,GB,Wind ,Hornsea-2,669.001579
27/10/2024,GB,Wind ,Hornsea-2,845.7787182
28/10/2024,GB,Wind ,Hornsea-2,945.0783189
29/10/2024,GB,Wind ,Hornsea-2,730.6521174
30/10/2024,GB,Wind ,Hornsea-2,408.4540926
31/10/2024,GB,Wind ,Hornsea-2,195.2903529
01/11/2024,GB,Wind ,Hornsea-2,755.7316496
02/11/2024,GB,Wind ,Hornsea-2,562.0591089
03/11/2024,GB,Wind ,Hornsea-2,822.8356126
04/11/2024,GB,Wind ,Hornsea-2,463.5114214
05/11/2024,GB,Wind ,Hornsea-2,47.21472249
06/11/2024,GB,Wind ,Hornsea-2,149.9277465
07/11/2024,GB,Wind ,Hornsea-2,776.7635459
08/11/2024,GB,Wind ,Hornsea-2,156.6165245
09/11/2024,GB,Wind ,Hornsea-2,432.7986337
10/11/2024,GB,Wind ,Hornsea-2,501.6529548
11/11/2024,GB,Wind ,Hornsea-2,943.8835981
12/11/2024,GB,Wind ,Hornsea-2,878.231928
13/11/2024,GB,Wind ,Hornsea-2,910.0661452
14/11/2024,GB,Wind ,Hornsea-2,361.2223963
15/11/2024,GB,Wind ,Hornsea-2,776.1752261
16/11/2024,GB,Wind ,Hornsea-2,245.5490552
17/11/2024,GB,Wind ,Hornsea-2,376.1991845
18/11/2024,GB,Wind ,Hornsea-2,288.0788936
19/11/2024,GB,Wind ,Hornsea-2,130.7781724
20/11/2024,GB,Wind ,Hornsea-2,979.5794982
21/11/2024,GB,Wind ,Hornsea-2,287.6018546
22/11/2024,GB,Wind ,Hornsea-2,665.6830454
23/11/2024,GB,Wind ,Hornsea-2,554.1183815
24/11/2024,GB,Wind ,Hornsea-2,132.4615575
25/11/2024,GB,Wind ,Hornsea-2,653.0502322
26/11/2024,GB,Wind ,Hornsea-2,393.9217564
27/11/2024,GB,Wind ,Hornsea-2,424.6878191
28/11/2024,GB,Wind ,Hornsea-2,537.9074014
29/11/2024,GB,Wind ,Hornsea-2,385.7635211
30/11/2024,GB,Wind ,Hornsea-2,330.6078513
01/12/2024,GB,Wind ,Hornsea-2,43.52844167
02/12/2024,GB,Wind ,Hornsea-2,565.4859843
03/12/2024,GB,Wind ,Hornsea-2,246.506316
04/12/2024,GB,Wind ,Hornsea-2,757.824939
05/12/2024,GB,Wind ,Hornsea-2,78.36904615
06/12/2024,GB,Wind ,Hornsea-2,467.3484608
07/12/2024,GB,Wind ,Hornsea-2,698.1306455
08/12/2024,GB,Wind ,Hornsea-2,87.14017861
09/12/2024,GB,Wind ,Hornsea-2,300.3795373
10/12/2024,GB,Wind ,Hornsea-2,583.282855
11/12/2024,GB,Wind ,Hornsea-2,722.0220396
12/12/2024,GB,Wind ,Hornsea-2,740.3338044
13/12/2024,GB,Wind ,Hornsea-2,987.3083636
14/12/2024,GB,Wind ,Hornsea-2,132.8281084
15/12/2024,GB,Wind ,Hornsea-2,212.2054268
16/12/2024,GB,Wind ,Hornsea-2,910.0700685
17/12/2024,GB,Wind ,Hornsea-2,855.5452938
18/12/2024,GB,Wind ,Hornsea-2,469.8416432
19/12/2024,GB,Wind ,Hornsea-2,318.0956846
20/12/2024,GB,Wind ,Hornsea-2,804.6344026
21/12/2024,GB,Wind ,Hornsea-2,429.0092545
22/12/2024,GB,Wind ,Hornsea-2,685.1033796
23/12/2024,GB,Wind ,Hornsea-2,813.2254339
24/12/2024,GB,Wind ,Hornsea-2,334.4270204
25/12/2024,GB,Wind ,Hornsea-2,362.6178497
26/12/2024,GB,Wind ,Hornsea-2,225.7479632
27/12/2024,GB,Wind ,Hornsea-2,626.6261935
28/12/2024,GB,Wind ,Hornsea-2,120.69327
29/12/2024,GB,Wind ,Hornsea-2,980.5752956
30/12/2024,GB,Wind ,Hornsea-2,631.0185328
31/12/2024,GB,Wind ,Hornsea-2,359.804276
01/01/2025,GB,Wind ,Hornsea-2,852.1181159
02/01/2025,GB,Wind ,Hornsea-2,764.2097863
03/01/2025,GB,Wind ,Hornsea-2,139.942632
04/01/2025,GB,Wind ,Hornsea-2,357.0030052
05/01/2025,GB,Wind ,Hornsea-2,209.0898501
06/01/2025,GB,Wind ,Hornsea-2,20.68262001
07/01/2025,GB,Wind ,Hornsea-2,631.2228633
08/01/2025,GB,Wind ,Hornsea-2,65.98452114
09/01/2025,GB,Wind ,Hornsea-2,844.8679174
10/01/2025,GB,Wind ,Hornsea-2,667.6867869
11/01/2025,GB,Wind ,Hornsea-2,872.7080854
12/01/2025,GB,Wind ,Hornsea-2,429.5695168
13/01/2025,GB,Wind ,Hornsea-2,122.0006731
14/01/2025,GB,Wind ,Hornsea-2,356.5315681
15/01/2025,GB,Wind ,Hornsea-2,830.418239
16/01/2025,GB,Wind ,Hornsea-2,917.9524011
17/01/2025,GB,Wind ,Hornsea-2,144.7754328
18/01/2025,GB,Wind ,Hornsea-2,706.5467276
19/01/2025,GB,Wind ,Hornsea-2,558.4667623
20/01/2025,GB,Wind ,Hornsea-2,254.9674534
21/01/2025,GB,Wind ,Hornsea-2,607.088539
22/01/2025,GB,Wind ,Hornsea-2,921.2300003
23/01/2025,GB,Wind ,Hornsea-2,411.2293215
24/01/2025,GB,Wind ,Hornsea-2,61.38099549
25/01/2025,GB,Wind ,Hornsea-2,522.0710365
26/01/2025,GB,Wind ,Hornsea-2,884.4860488
27/01/2025,GB,Wind ,Hornsea-2,643.5136872
28/01/2025,GB,Wind ,Hornsea-2,981.5964974
29/01/2025,GB,Wind ,Hornsea-2,29.75982613
30/01/2025,GB,Wind ,Hornsea-2,568.5512745
31/01/2025,GB,Wind ,Hornsea-2,223.4833581
01/02/2025,GB,Wind ,Hornsea-2,150.7325098
02/02/2025,GB,Wind ,Hornsea-2,980.8909885
03/02/2025,GB,Wind ,Hornsea-2,334.1827368
04/02/2025,GB,Wind ,Hornsea-2,508.8684741
05/02/2025,GB,Wind ,Hornsea-2,299.4333519
06/02/2025,GB,Wind ,Hornsea-2,573.6922328
07/02/2025,GB,Wind ,Hornsea-2,540.8672796
08/02/2025,GB,Wind ,Hornsea-2,842.2940152
09/02/2025,GB,Wind ,Hornsea-2,39.94906178
10/02/2025,GB,Wind ,Hornsea-2,186.7803907
11/02/2025,GB,Wind ,Hornsea-2,700.3394208
12/02/2025,GB,Wind ,Hornsea-2,57.23550471
13/02/2025,GB,Wind ,Hornsea-2,776.8593743
14/02/2025,GB,Wind ,Hornsea-2,950.2308788
15/02/2025,GB,Wind ,Hornsea-2,332.9024197
16/02/2025,GB,Wind ,Hornsea-2,683.0480873
17/02/2025,GB,Wind ,Hornsea-2,809.6130219
18/02/2025,GB,Wind ,Hornsea-2,641.7398922
19/02/2025,GB,Wind ,Hornsea-2,482.8391391
20/02/2025,GB,Wind ,Hornsea-2,728.899582
21/02/2025,GB,Wind ,Hornsea-2,20.73017432
22/02/2025,GB,Wind ,Hornsea-2,393.1821759
23/02/2025,GB,Wind ,Hornsea-2,567.700469
24/02/2025,GB,Wind ,Hornsea-2,887.5548228
25/02/2025,GB,Wind ,Hornsea-2,891.1155763
26/02/2025,GB,Wind ,Hornsea-2,918.2207191
27/02/2025,GB,Wind ,Hornsea-2,850.9039253
28/02/2025,GB,Wind ,Hornsea-2,593.8421722
01/03/2025,GB,Wind ,Hornsea-2,752.8971993
02/03/2025,GB,Wind ,Hornsea-2,794.6721668
03/03/2025,GB,Wind ,Hornsea-2,512.9451195
04/03/2025,GB,Wind ,Hornsea-2,745.362303
05/03/2025,GB,Wind ,Hornsea-2,287.3622119
06/03/2025,GB,Wind ,Hornsea-2,883.529801
07/03/2025,GB,Wind ,Hornsea-2,107.6494787
08/03/2025,GB,Wind ,Hornsea-2,617.6875862
09/03/2025,GB,Wind ,Hornsea-2,735.3782237
10/03/2025,GB,Wind ,Hornsea-2,378.6810322
11/03/2025,GB,Wind ,Hornsea-2,263.3745022
12/03/2025,GB,Wind ,Hornsea-2,905.4216419
13/03/2025,GB,Wind ,Hornsea-2,764.8777873
14/03/2025,GB,Wind ,Hornsea-2,569.4757983
15/03/2025,GB,Wind ,Hornsea-2,295.9635286
16/03/2025,GB,Wind ,Hornsea-2,233.5385267
17/03/2025,GB,Wind ,Hornsea-2,46.35172319
18/03/2025,GB,Wind ,Hornsea-2,820.9741431
19/03/2025,GB,Wind ,Hornsea-2,580.4118561
20/03/2025,GB,Wind ,Hornsea-2,718.7165312
21/03/2025,GB,Wind ,Hornsea-2,78.02380442
22/03/2025,GB,Wind ,Hornsea-2,862.100734
23/03/2025,GB,Wind ,Hornsea-2,427.6871785
24/03/2025,GB,Wind ,Hornsea-2,681.9236115
25/03/2025,GB,Wind ,Hornsea-2,418.4242051
26/03/2025,GB,Wind ,Hornsea-2,704.6188325
27/03/2025,GB,Wind ,Hornsea-2,352.6919153
28/03/2025,GB,Wind ,Hornsea-2,825.2904203
29/03/2025,GB,Wind ,Hornsea-2,712.8689544
30/03/2025,GB,Wind ,Hornsea-2,153.9155512
31/03/2025,GB,Wind ,Hornsea-2,167.3699599
01/04/2025,GB,Wind ,Hornsea-2,799.751396
02/04/2025,GB,Wind ,Hornsea-2,457.2806253
03/04/2025,GB,Wind ,Hornsea-2,703.6004544
04/04/2025,GB,Wind ,Hornsea-2,882.1050162
05/04/2025,GB,Wind ,Hornsea-2,893.2220764
06/04/2025,GB,Wind ,Hornsea-2,533.4870565
07/04/2025,GB,Wind ,Hornsea-2,151.7608346
08/04/2025,GB,Wind ,Hornsea-2,452.6935932
09/04/2025,GB,Wind ,Hornsea-2,67.21231593
10/04/2025,GB,Wind ,Hornsea-2,38.94811069
11/04/2025,GB,Wind ,Hornsea-2,439.3113748
12/04/2025,GB,Wind ,Hornsea-2,334.1764145
13/04/2025,GB,Wind ,Hornsea-2,915.9272937
14/04/2025,GB,Wind ,Hornsea-2,374.6837804
15/04/2025,GB,Wind ,Hornsea-2,825.4770864
16/04/2025,GB,Wind ,Hornsea-2,801.4350521
17/04/2025,GB,Wind ,Hornsea-2,894.5285903
18/04/2025,GB,Wind ,Hornsea-2,149.2278228
19/04/2025,GB,Wind ,Hornsea-2,978.3413018
20/04/2025,GB,Wind ,Hornsea-2,128.0548481
21/04/2025,GB,Wind ,Hornsea-2,711.2316193
22/04/2025,GB,Wind ,Hornsea-2,808.5345848
23/04/2025,GB,Wind ,Hornsea-2,142.4503395
24/04/2025,GB,Wind ,Hornsea-2,392.0821841
25/04/2025,GB,Wind ,Hornsea-2,920.8478773
